<?xml version="1.0" encoding="UTF-8"?>
<!-- IMPORTANT: This is an internal file that has been generated
     by the Xilinx ISE software.  Any direct editing or
     changes made to this file may result in unpredictable
     behavior or data corruption.  It is strongly advised that
     users do not edit the contents of this file. -->
<DeviceUsageSummary rev="25">
<DesignStatistics TimeStamp="Tue Dec 11 21:30:40 2018"><group name="NetStatistics">
<item name="NumNets_Active" rev="25">
<attrib name="value" value="1267"/></item>
<item name="NumNets_Gnd" rev="25">
<attrib name="value" value="1"/></item>
<item name="NumNets_Vcc" rev="25">
<attrib name="value" value="1"/></item>
<item name="NumNodesOfType_Active_BENTQUAD" rev="25">
<attrib name="value" value="488"/></item>
<item name="NumNodesOfType_Active_BOUNCEACROSS" rev="25">
<attrib name="value" value="251"/></item>
<item name="NumNodesOfType_Active_BOUNCEIN" rev="25">
<attrib name="value" value="257"/></item>
<item name="NumNodesOfType_Active_BUFGROUT" rev="25">
<attrib name="value" value="3"/></item>
<item name="NumNodesOfType_Active_BUFINP2OUT" rev="25">
<attrib name="value" value="9"/></item>
<item name="NumNodesOfType_Active_CLKPIN" rev="25">
<attrib name="value" value="419"/></item>
<item name="NumNodesOfType_Active_DOUBLE" rev="25">
<attrib name="value" value="2389"/></item>
<item name="NumNodesOfType_Active_GENERIC" rev="25">
<attrib name="value" value="4"/></item>
<item name="NumNodesOfType_Active_GLOBAL" rev="25">
<attrib name="value" value="407"/></item>
<item name="NumNodesOfType_Active_HLONG" rev="25">
<attrib name="value" value="54"/></item>
<item name="NumNodesOfType_Active_HQUAD" rev="25">
<attrib name="value" value="541"/></item>
<item name="NumNodesOfType_Active_INPUT" rev="25">
<attrib name="value" value="3908"/></item>
<item name="NumNodesOfType_Active_IOBIN2OUT" rev="25">
<attrib name="value" value="19"/></item>
<item name="NumNodesOfType_Active_IOBOUTPUT" rev="25">
<attrib name="value" value="19"/></item>
<item name="NumNodesOfType_Active_LUTINPUT" rev="25">
<attrib name="value" value="3724"/></item>
<item name="NumNodesOfType_Active_OUTBOUND" rev="25">
<attrib name="value" value="1298"/></item>
<item name="NumNodesOfType_Active_OUTPUT" rev="25">
<attrib name="value" value="1300"/></item>
<item name="NumNodesOfType_Active_PADINPUT" rev="25">
<attrib name="value" value="16"/></item>
<item name="NumNodesOfType_Active_PADOUTPUT" rev="25">
<attrib name="value" value="3"/></item>
<item name="NumNodesOfType_Active_PINBOUNCE" rev="25">
<attrib name="value" value="1214"/></item>
<item name="NumNodesOfType_Active_PINFEED" rev="25">
<attrib name="value" value="9921"/></item>
<item name="NumNodesOfType_Active_SINGLE" rev="25">
<attrib name="value" value="3137"/></item>
<item name="NumNodesOfType_Active_VLONG" rev="25">
<attrib name="value" value="20"/></item>
<item name="NumNodesOfType_Active_VLONG12" rev="25">
<attrib name="value" value="28"/></item>
<item name="NumNodesOfType_Active_VQUAD" rev="25">
<attrib name="value" value="523"/></item>
<item name="NumNodesOfType_Gnd_BOUNCEACROSS" rev="25">
<attrib name="value" value="1"/></item>
<item name="NumNodesOfType_Gnd_BOUNCEIN" rev="25">
<attrib name="value" value="358"/></item>
<item name="NumNodesOfType_Gnd_CLKPIN" rev="25">
<attrib name="value" value="86"/></item>
<item name="NumNodesOfType_Gnd_HVCCGNDOUT" rev="25">
<attrib name="value" value="244"/></item>
<item name="NumNodesOfType_Gnd_INPUT" rev="25">
<attrib name="value" value="1257"/></item>
<item name="NumNodesOfType_Gnd_LUTINPUT" rev="25">
<attrib name="value" value="74"/></item>
<item name="NumNodesOfType_Gnd_OUTBOUND" rev="25">
<attrib name="value" value="2"/></item>
<item name="NumNodesOfType_Gnd_OUTPUT" rev="25">
<attrib name="value" value="2"/></item>
<item name="NumNodesOfType_Gnd_PINBOUNCE" rev="25">
<attrib name="value" value="186"/></item>
<item name="NumNodesOfType_Gnd_PINFEED" rev="25">
<attrib name="value" value="1417"/></item>
<item name="NumNodesOfType_Gnd_SINGLE" rev="25">
<attrib name="value" value="3"/></item>
<item name="NumNodesOfType_Vcc_BOUNCEIN" rev="25">
<attrib name="value" value="43"/></item>
<item name="NumNodesOfType_Vcc_CLKPIN" rev="25">
<attrib name="value" value="86"/></item>
<item name="NumNodesOfType_Vcc_HVCCGNDOUT" rev="25">
<attrib name="value" value="328"/></item>
<item name="NumNodesOfType_Vcc_INPUT" rev="25">
<attrib name="value" value="3197"/></item>
<item name="NumNodesOfType_Vcc_LUTINPUT" rev="25">
<attrib name="value" value="576"/></item>
<item name="NumNodesOfType_Vcc_PINBOUNCE" rev="25">
<attrib name="value" value="58"/></item>
<item name="NumNodesOfType_Vcc_PINFEED" rev="25">
<attrib name="value" value="3945"/></item>
</group>
<group name="SiteStatistics">
<item name="BUFG-BUFGCTRL" rev="25">
<attrib name="value" value="3"/></item>
<item name="IOB-IOB33M" rev="25">
<attrib name="value" value="9"/></item>
<item name="IOB-IOB33S" rev="25">
<attrib name="value" value="10"/></item>
<item name="RAMB36E1-RAMBFIFO36E1" rev="25">
<attrib name="value" value="43"/></item>
<item name="SLICEL-SLICEM" rev="25">
<attrib name="value" value="128"/></item>
</group>
<group name="MiscellaneousStatistics">
<item name="AGG_BONDED_IO" rev="24">
<attrib name="value" value="19"/></item>
<item name="AGG_IO" rev="24">
<attrib name="value" value="19"/></item>
<item name="AGG_LOCED_IO" rev="24">
<attrib name="value" value="19"/></item>
<item name="AGG_SLICE" rev="24">
<attrib name="value" value="438"/></item>
<item name="NUM_BONDED_IOB" rev="24">
<attrib name="value" value="19"/></item>
<item name="NUM_BSCAN" rev="24">
<attrib name="value" value="1"/></item>
<item name="NUM_BSFULL" rev="24">
<attrib name="value" value="236"/></item>
<item name="NUM_BSLUTONLY" rev="24">
<attrib name="value" value="647"/></item>
<item name="NUM_BSREGONLY" rev="24">
<attrib name="value" value="253"/></item>
<item name="NUM_BSUSED" rev="24">
<attrib name="value" value="1136"/></item>
<item name="NUM_BUFG" rev="24">
<attrib name="value" value="3"/></item>
<item name="NUM_DPRAM_O5ANDO6" rev="24">
<attrib name="value" value="36"/></item>
<item name="NUM_LOCED_IOB" rev="24">
<attrib name="value" value="19"/></item>
<item name="NUM_LOGIC_O5ANDO6" rev="24">
<attrib name="value" value="43"/></item>
<item name="NUM_LOGIC_O5ONLY" rev="24">
<attrib name="value" value="83"/></item>
<item name="NUM_LOGIC_O6ONLY" rev="24">
<attrib name="value" value="515"/></item>
<item name="NUM_LUT_RT_DRIVES_CARRY4" rev="24">
<attrib name="value" value="8"/></item>
<item name="NUM_LUT_RT_DRIVES_FLOP" rev="24">
<attrib name="value" value="10"/></item>
<item name="NUM_LUT_RT_EXO5" rev="24">
<attrib name="value" value="10"/></item>
<item name="NUM_LUT_RT_EXO6" rev="24">
<attrib name="value" value="8"/></item>
<item name="NUM_LUT_RT_O5" rev="24">
<attrib name="value" value="1"/></item>
<item name="NUM_LUT_RT_O6" rev="24">
<attrib name="value" value="83"/></item>
<item name="NUM_RAMB36E1" rev="24">
<attrib name="value" value="43"/></item>
<item name="NUM_RPM" rev="24">
<attrib name="value" value="13"/></item>
<item name="NUM_SLICEL" rev="24">
<attrib name="value" value="366"/></item>
<item name="NUM_SLICEM" rev="24">
<attrib name="value" value="72"/></item>
<item name="NUM_SLICE_CARRY4" rev="24">
<attrib name="value" value="44"/></item>
<item name="NUM_SLICE_CONTROLSET" rev="24">
<attrib name="value" value="69"/></item>
<item name="NUM_SLICE_CYINIT" rev="24">
<attrib name="value" value="1062"/></item>
<item name="NUM_SLICE_F7MUX" rev="24">
<attrib name="value" value="67"/></item>
<item name="NUM_SLICE_F8MUX" rev="24">
<attrib name="value" value="18"/></item>
<item name="NUM_SLICE_FF" rev="24">
<attrib name="value" value="504"/></item>
<item name="NUM_SLICE_LATCH" rev="24">
<attrib name="value" value="1"/></item>
<item name="NUM_SLICE_UNUSEDCTRL" rev="24">
<attrib name="value" value="194"/></item>
<item name="NUM_SPRAM_O6ONLY" rev="24">
<attrib name="value" value="64"/></item>
<item name="NUM_SRL_O5ONLY" rev="24">
<attrib name="value" value="2"/></item>
<item name="NUM_SRL_O6ONLY" rev="24">
<attrib name="value" value="122"/></item>
<item name="NUM_UNUSABLE_FF_BELS" rev="24">
<attrib name="value" value="291"/></item>
<item name="Xilinx Core chipscope_icon_v1_06_a, Xilinx CORE Generator 14.7" rev="24">
<attrib name="value" value="1"/></item>
<item name="Xilinx Core chipscope_ila_v1_05_a, Xilinx CORE Generator 14.7" rev="24">
<attrib name="value" value="1"/></item>
</group>
</DesignStatistics>
<DeviceUsage TimeStamp="Tue Dec 11 21:30:40 2018"><group name="SiteSummary">
<item name="BSCAN" rev="25">
<attrib name="total" value="1000000"/><attrib name="used" value="1"/></item>
<item name="BSCAN_BSCAN" rev="25">
<attrib name="total" value="1000000"/><attrib name="used" value="1"/></item>
<item name="BUFG" rev="25">
<attrib name="total" value="1000000"/><attrib name="used" value="3"/></item>
<item name="BUFG_BUFG" rev="25">
<attrib name="total" value="1000000"/><attrib name="used" value="3"/></item>
<item name="CARRY4" rev="25">
<attrib name="total" value="1000000"/><attrib name="used" value="44"/></item>
<item name="FF_INIT" rev="25">
<attrib name="total" value="1000000"/><attrib name="used" value="35"/></item>
<item name="HARD0" rev="25">
<attrib name="total" value="1000000"/><attrib name="used" value="5"/></item>
<item name="HARD1" rev="25">
<attrib name="total" value="1000000"/><attrib name="used" value="14"/></item>
<item name="IOB" rev="25">
<attrib name="total" value="1000000"/><attrib name="used" value="19"/></item>
<item name="IOB_INBUF_EN" rev="25">
<attrib name="total" value="1000000"/><attrib name="used" value="3"/></item>
<item name="IOB_OUTBUF" rev="25">
<attrib name="total" value="1000000"/><attrib name="used" value="16"/></item>
<item name="LUT5" rev="25">
<attrib name="total" value="1000000"/><attrib name="used" value="137"/></item>
<item name="LUT6" rev="25">
<attrib name="total" value="1000000"/><attrib name="used" value="649"/></item>
<item name="LUT_OR_MEM5" rev="25">
<attrib name="total" value="1000000"/><attrib name="used" value="38"/></item>
<item name="LUT_OR_MEM6" rev="25">
<attrib name="total" value="1000000"/><attrib name="used" value="222"/></item>
<item name="PAD" rev="25">
<attrib name="total" value="1000000"/><attrib name="used" value="19"/></item>
<item name="RAMB36E1" rev="25">
<attrib name="total" value="1000000"/><attrib name="used" value="43"/></item>
<item name="RAMB36E1_RAMB36E1" rev="25">
<attrib name="total" value="1000000"/><attrib name="used" value="43"/></item>
<item name="REG_INIT" rev="25">
<attrib name="total" value="1000000"/><attrib name="used" value="470"/></item>
<item name="SELMUX2_1" rev="25">
<attrib name="total" value="1000000"/><attrib name="used" value="85"/></item>
<item name="SLICEL" rev="25">
<attrib name="total" value="1000000"/><attrib name="used" value="366"/></item>
<item name="SLICEM" rev="25">
<attrib name="total" value="1000000"/><attrib name="used" value="72"/></item>
</group>
</DeviceUsage>
<ReportConfigData TimeStamp="Tue Dec 11 21:30:40 2018"><group name="LUT_OR_MEM5">
<item name="CLK" rev="25">
<attrib name="CLK" value="38"/><attrib name="CLK_INV" value="0"/></item>
<item name="LUT_OR_MEM" rev="25">
<attrib name="RAM" value="38"/></item>
<item name="RAMMODE" rev="25">
<attrib name="SRL16" value="2"/><attrib name="DPRAM32" value="36"/></item>
</group>
<group name="LUT_OR_MEM6">
<item name="CLK" rev="25">
<attrib name="CLK" value="222"/><attrib name="CLK_INV" value="0"/></item>
<item name="LUT_OR_MEM" rev="25">
<attrib name="RAM" value="222"/></item>
<item name="RAMMODE" rev="25">
<attrib name="SPRAM64" value="64"/><attrib name="SRL16" value="65"/><attrib name="SRL32" value="57"/><attrib name="DPRAM32" value="36"/></item>
</group>
<group name="REG_INIT">
<item name="CK" rev="25">
<attrib name="CK" value="465"/><attrib name="CK_INV" value="5"/></item>
<item name="FFINIT" rev="25">
<attrib name="INIT0" value="334"/><attrib name="INIT1" value="136"/></item>
<item name="FFSR" rev="25">
<attrib name="SRLOW" value="377"/><attrib name="SRHIGH" value="93"/></item>
<item name="LATCH_OR_FF" rev="25">
<attrib name="FF" value="469"/><attrib name="LATCH" value="1"/></item>
<item name="SYNC_ATTR" rev="25">
<attrib name="ASYNC" value="295"/><attrib name="SYNC" value="175"/></item>
</group>
<group name="SLICEL">
<item name="CLK" rev="25">
<attrib name="CLK" value="168"/><attrib name="CLK_INV" value="4"/></item>
</group>
<group name="SLICEM">
<item name="CLK" rev="25">
<attrib name="CLK" value="72"/><attrib name="CLK_INV" value="0"/></item>
</group>
<group name="IOB_INBUF_EN">
<item name="IBUF_LOW_PWR" rev="25">
<attrib name="TRUE" value="3"/></item>
</group>
<group name="BSCAN_BSCAN">
<item name="DISABLE_JTAG" rev="25">
<attrib name="FALSE" value="1"/></item>
<item name="JTAG_CHAIN" rev="25">
<attrib name="1" value="1"/></item>
</group>
<group name="SELMUX2_1">
<item name="0" rev="25">
<attrib name="0" value="85"/><attrib name="0_INV" value="0"/></item>
</group>
<group name="FF_INIT">
<item name="CK" rev="25">
<attrib name="CK" value="35"/><attrib name="CK_INV" value="0"/></item>
<item name="FFINIT" rev="25">
<attrib name="INIT0" value="20"/><attrib name="INIT1" value="15"/></item>
<item name="FFSR" rev="25">
<attrib name="SRLOW" value="20"/><attrib name="SRHIGH" value="15"/></item>
<item name="SYNC_ATTR" rev="25">
<attrib name="ASYNC" value="21"/><attrib name="SYNC" value="14"/></item>
</group>
<group name="RAMB36E1">
<item name="CLKARDCLKL" rev="25">
<attrib name="CLKARDCLKL" value="43"/><attrib name="CLKARDCLKL_INV" value="0"/></item>
<item name="CLKARDCLKU" rev="25">
<attrib name="CLKARDCLKU_INV" value="0"/><attrib name="CLKARDCLKU" value="43"/></item>
<item name="CLKBWRCLKL" rev="25">
<attrib name="CLKBWRCLKL_INV" value="0"/><attrib name="CLKBWRCLKL" value="43"/></item>
<item name="CLKBWRCLKU" rev="25">
<attrib name="CLKBWRCLKU" value="43"/><attrib name="CLKBWRCLKU_INV" value="0"/></item>
<item name="ENARDENL" rev="25">
<attrib name="ENARDENL_INV" value="0"/><attrib name="ENARDENL" value="43"/></item>
<item name="ENARDENU" rev="25">
<attrib name="ENARDENU_INV" value="0"/><attrib name="ENARDENU" value="43"/></item>
<item name="ENBWRENL" rev="25">
<attrib name="ENBWRENL" value="43"/><attrib name="ENBWRENL_INV" value="0"/></item>
<item name="ENBWRENU" rev="25">
<attrib name="ENBWRENU_INV" value="0"/><attrib name="ENBWRENU" value="43"/></item>
<item name="REGCLKARDRCLKL" rev="25">
<attrib name="REGCLKARDRCLKL_INV" value="43"/><attrib name="REGCLKARDRCLKL" value="0"/></item>
<item name="REGCLKARDRCLKU" rev="25">
<attrib name="REGCLKARDRCLKU" value="0"/><attrib name="REGCLKARDRCLKU_INV" value="43"/></item>
<item name="REGCLKBL" rev="25">
<attrib name="REGCLKBL_INV" value="0"/><attrib name="REGCLKBL" value="43"/></item>
<item name="REGCLKBU" rev="25">
<attrib name="REGCLKBU" value="43"/><attrib name="REGCLKBU_INV" value="0"/></item>
<item name="RSTRAMARSTRAML" rev="25">
<attrib name="RSTRAMARSTRAML_INV" value="0"/><attrib name="RSTRAMARSTRAML" value="43"/></item>
<item name="RSTRAMARSTRAMU" rev="25">
<attrib name="RSTRAMARSTRAMU" value="43"/><attrib name="RSTRAMARSTRAMU_INV" value="0"/></item>
<item name="RSTRAMBL" rev="25">
<attrib name="RSTRAMBL_INV" value="0"/><attrib name="RSTRAMBL" value="43"/></item>
<item name="RSTRAMBU" rev="25">
<attrib name="RSTRAMBU" value="43"/><attrib name="RSTRAMBU_INV" value="0"/></item>
<item name="RSTREGARSTREGL" rev="25">
<attrib name="RSTREGARSTREGL" value="43"/><attrib name="RSTREGARSTREGL_INV" value="0"/></item>
<item name="RSTREGARSTREGU" rev="25">
<attrib name="RSTREGARSTREGU_INV" value="0"/><attrib name="RSTREGARSTREGU" value="43"/></item>
<item name="RSTREGBL" rev="25">
<attrib name="RSTREGBL" value="43"/><attrib name="RSTREGBL_INV" value="0"/></item>
<item name="RSTREGBU" rev="25">
<attrib name="RSTREGBU" value="43"/><attrib name="RSTREGBU_INV" value="0"/></item>
</group>
<group name="RAMB36E1_RAMB36E1">
<item name="CLKARDCLKL" rev="25">
<attrib name="CLKARDCLKL" value="43"/><attrib name="CLKARDCLKL_INV" value="0"/></item>
<item name="CLKARDCLKU" rev="25">
<attrib name="CLKARDCLKU_INV" value="0"/><attrib name="CLKARDCLKU" value="43"/></item>
<item name="CLKBWRCLKL" rev="25">
<attrib name="CLKBWRCLKL_INV" value="0"/><attrib name="CLKBWRCLKL" value="43"/></item>
<item name="CLKBWRCLKU" rev="25">
<attrib name="CLKBWRCLKU" value="43"/><attrib name="CLKBWRCLKU_INV" value="0"/></item>
<item name="DOA_REG" rev="25">
<attrib name="0" value="43"/></item>
<item name="DOB_REG" rev="25">
<attrib name="0" value="43"/></item>
<item name="ENARDENL" rev="25">
<attrib name="ENARDENL_INV" value="0"/><attrib name="ENARDENL" value="43"/></item>
<item name="ENARDENU" rev="25">
<attrib name="ENARDENU_INV" value="0"/><attrib name="ENARDENU" value="43"/></item>
<item name="ENBWRENL" rev="25">
<attrib name="ENBWRENL" value="43"/><attrib name="ENBWRENL_INV" value="0"/></item>
<item name="ENBWRENU" rev="25">
<attrib name="ENBWRENU_INV" value="0"/><attrib name="ENBWRENU" value="43"/></item>
<item name="EN_ECC_READ" rev="25">
<attrib name="FALSE" value="43"/></item>
<item name="EN_ECC_WRITE" rev="25">
<attrib name="FALSE" value="43"/></item>
<item name="EN_PWRGATE" rev="25">
<attrib name="NONE" value="43"/></item>
<item name="RAM_EXTENSION_A" rev="25">
<attrib name="NONE" value="43"/></item>
<item name="RAM_EXTENSION_B" rev="25">
<attrib name="NONE" value="43"/></item>
<item name="RAM_MODE" rev="25">
<attrib name="TDP" value="43"/></item>
<item name="RDADDR_COLLISION_HWCONFIG" rev="25">
<attrib name="DELAYED_WRITE" value="43"/></item>
<item name="READ_WIDTH_A" rev="25">
<attrib name="1" value="43"/></item>
<item name="READ_WIDTH_B" rev="25">
<attrib name="1" value="43"/></item>
<item name="REGCLKARDRCLKL" rev="25">
<attrib name="REGCLKARDRCLKL_INV" value="43"/><attrib name="REGCLKARDRCLKL" value="0"/></item>
<item name="REGCLKARDRCLKU" rev="25">
<attrib name="REGCLKARDRCLKU" value="0"/><attrib name="REGCLKARDRCLKU_INV" value="43"/></item>
<item name="REGCLKBL" rev="25">
<attrib name="REGCLKBL_INV" value="0"/><attrib name="REGCLKBL" value="43"/></item>
<item name="REGCLKBU" rev="25">
<attrib name="REGCLKBU" value="43"/><attrib name="REGCLKBU_INV" value="0"/></item>
<item name="RSTRAMARSTRAML" rev="25">
<attrib name="RSTRAMARSTRAML_INV" value="0"/><attrib name="RSTRAMARSTRAML" value="43"/></item>
<item name="RSTRAMARSTRAMU" rev="25">
<attrib name="RSTRAMARSTRAMU" value="43"/><attrib name="RSTRAMARSTRAMU_INV" value="0"/></item>
<item name="RSTRAMBL" rev="25">
<attrib name="RSTRAMBL_INV" value="0"/><attrib name="RSTRAMBL" value="43"/></item>
<item name="RSTRAMBU" rev="25">
<attrib name="RSTRAMBU" value="43"/><attrib name="RSTRAMBU_INV" value="0"/></item>
<item name="RSTREGARSTREGL" rev="25">
<attrib name="RSTREGARSTREGL" value="43"/><attrib name="RSTREGARSTREGL_INV" value="0"/></item>
<item name="RSTREGARSTREGU" rev="25">
<attrib name="RSTREGARSTREGU_INV" value="0"/><attrib name="RSTREGARSTREGU" value="43"/></item>
<item name="RSTREGBL" rev="25">
<attrib name="RSTREGBL" value="43"/><attrib name="RSTREGBL_INV" value="0"/></item>
<item name="RSTREGBU" rev="25">
<attrib name="RSTREGBU" value="43"/><attrib name="RSTREGBU_INV" value="0"/></item>
<item name="RSTREG_PRIORITY_A" rev="25">
<attrib name="REGCE" value="43"/></item>
<item name="RSTREG_PRIORITY_B" rev="25">
<attrib name="REGCE" value="43"/></item>
<item name="SAVEDATA" rev="25">
<attrib name="FALSE" value="43"/></item>
<item name="WRITE_MODE_A" rev="25">
<attrib name="WRITE_FIRST" value="43"/></item>
<item name="WRITE_MODE_B" rev="25">
<attrib name="WRITE_FIRST" value="43"/></item>
<item name="WRITE_WIDTH_A" rev="25">
<attrib name="1" value="43"/></item>
<item name="WRITE_WIDTH_B" rev="25">
<attrib name="1" value="43"/></item>
</group>
</ReportConfigData>
<ReportPinData TimeStamp="Tue Dec 11 21:30:40 2018"><group name="LUT_OR_MEM5">
<item name="A1" rev="25">
<attrib name="value" value="38"/></item>
<item name="A2" rev="25">
<attrib name="value" value="38"/></item>
<item name="A3" rev="25">
<attrib name="value" value="38"/></item>
<item name="A4" rev="25">
<attrib name="value" value="38"/></item>
<item name="A5" rev="25">
<attrib name="value" value="38"/></item>
<item name="CLK" rev="25">
<attrib name="value" value="38"/></item>
<item name="DI1" rev="25">
<attrib name="value" value="38"/></item>
<item name="O5" rev="25">
<attrib name="value" value="32"/></item>
<item name="WA1" rev="25">
<attrib name="value" value="36"/></item>
<item name="WA2" rev="25">
<attrib name="value" value="36"/></item>
<item name="WA3" rev="25">
<attrib name="value" value="36"/></item>
<item name="WA4" rev="25">
<attrib name="value" value="36"/></item>
<item name="WA5" rev="25">
<attrib name="value" value="36"/></item>
<item name="WE" rev="25">
<attrib name="value" value="38"/></item>
</group>
<group name="LUT_OR_MEM6">
<item name="A1" rev="25">
<attrib name="value" value="222"/></item>
<item name="A2" rev="25">
<attrib name="value" value="222"/></item>
<item name="A3" rev="25">
<attrib name="value" value="222"/></item>
<item name="A4" rev="25">
<attrib name="value" value="222"/></item>
<item name="A5" rev="25">
<attrib name="value" value="222"/></item>
<item name="A6" rev="25">
<attrib name="value" value="222"/></item>
<item name="CLK" rev="25">
<attrib name="value" value="222"/></item>
<item name="DI1" rev="25">
<attrib name="value" value="121"/></item>
<item name="DI2" rev="25">
<attrib name="value" value="101"/></item>
<item name="MC31" rev="25">
<attrib name="value" value="73"/></item>
<item name="O6" rev="25">
<attrib name="value" value="210"/></item>
<item name="WA1" rev="25">
<attrib name="value" value="100"/></item>
<item name="WA2" rev="25">
<attrib name="value" value="100"/></item>
<item name="WA3" rev="25">
<attrib name="value" value="100"/></item>
<item name="WA4" rev="25">
<attrib name="value" value="100"/></item>
<item name="WA5" rev="25">
<attrib name="value" value="100"/></item>
<item name="WA6" rev="25">
<attrib name="value" value="100"/></item>
<item name="WA7" rev="25">
<attrib name="value" value="64"/></item>
<item name="WA8" rev="25">
<attrib name="value" value="64"/></item>
<item name="WE" rev="25">
<attrib name="value" value="222"/></item>
</group>
<group name="REG_INIT">
<item name="CE" rev="25">
<attrib name="value" value="162"/></item>
<item name="CK" rev="25">
<attrib name="value" value="470"/></item>
<item name="D" rev="25">
<attrib name="value" value="470"/></item>
<item name="Q" rev="25">
<attrib name="value" value="470"/></item>
<item name="SR" rev="25">
<attrib name="value" value="307"/></item>
</group>
<group name="SLICEL">
<item name="A" rev="25">
<attrib name="value" value="154"/></item>
<item name="A1" rev="25">
<attrib name="value" value="92"/></item>
<item name="A2" rev="25">
<attrib name="value" value="131"/></item>
<item name="A3" rev="25">
<attrib name="value" value="154"/></item>
<item name="A4" rev="25">
<attrib name="value" value="189"/></item>
<item name="A5" rev="25">
<attrib name="value" value="174"/></item>
<item name="A6" rev="25">
<attrib name="value" value="197"/></item>
<item name="AMUX" rev="25">
<attrib name="value" value="20"/></item>
<item name="AQ" rev="25">
<attrib name="value" value="142"/></item>
<item name="AX" rev="25">
<attrib name="value" value="93"/></item>
<item name="B" rev="25">
<attrib name="value" value="116"/></item>
<item name="B1" rev="25">
<attrib name="value" value="67"/></item>
<item name="B2" rev="25">
<attrib name="value" value="95"/></item>
<item name="B3" rev="25">
<attrib name="value" value="107"/></item>
<item name="B4" rev="25">
<attrib name="value" value="143"/></item>
<item name="B5" rev="25">
<attrib name="value" value="129"/></item>
<item name="B6" rev="25">
<attrib name="value" value="144"/></item>
<item name="BMUX" rev="25">
<attrib name="value" value="19"/></item>
<item name="BQ" rev="25">
<attrib name="value" value="103"/></item>
<item name="BX" rev="25">
<attrib name="value" value="72"/></item>
<item name="C" rev="25">
<attrib name="value" value="80"/></item>
<item name="C1" rev="25">
<attrib name="value" value="75"/></item>
<item name="C2" rev="25">
<attrib name="value" value="107"/></item>
<item name="C3" rev="25">
<attrib name="value" value="113"/></item>
<item name="C4" rev="25">
<attrib name="value" value="137"/></item>
<item name="C5" rev="25">
<attrib name="value" value="127"/></item>
<item name="C6" rev="25">
<attrib name="value" value="140"/></item>
<item name="CE" rev="25">
<attrib name="value" value="53"/></item>
<item name="CIN" rev="25">
<attrib name="value" value="26"/></item>
<item name="CLK" rev="25">
<attrib name="value" value="172"/></item>
<item name="CMUX" rev="25">
<attrib name="value" value="49"/></item>
<item name="COUT" rev="25">
<attrib name="value" value="18"/></item>
<item name="CQ" rev="25">
<attrib name="value" value="97"/></item>
<item name="CX" rev="25">
<attrib name="value" value="94"/></item>
<item name="D" rev="25">
<attrib name="value" value="96"/></item>
<item name="D1" rev="25">
<attrib name="value" value="67"/></item>
<item name="D2" rev="25">
<attrib name="value" value="98"/></item>
<item name="D3" rev="25">
<attrib name="value" value="120"/></item>
<item name="D4" rev="25">
<attrib name="value" value="144"/></item>
<item name="D5" rev="25">
<attrib name="value" value="133"/></item>
<item name="D6" rev="25">
<attrib name="value" value="149"/></item>
<item name="DMUX" rev="25">
<attrib name="value" value="30"/></item>
<item name="DQ" rev="25">
<attrib name="value" value="86"/></item>
<item name="DX" rev="25">
<attrib name="value" value="73"/></item>
<item name="SR" rev="25">
<attrib name="value" value="132"/></item>
</group>
<group name="SLICEM">
<item name="A" rev="25">
<attrib name="value" value="29"/></item>
<item name="A1" rev="25">
<attrib name="value" value="71"/></item>
<item name="A2" rev="25">
<attrib name="value" value="71"/></item>
<item name="A3" rev="25">
<attrib name="value" value="71"/></item>
<item name="A4" rev="25">
<attrib name="value" value="71"/></item>
<item name="A5" rev="25">
<attrib name="value" value="71"/></item>
<item name="A6" rev="25">
<attrib name="value" value="71"/></item>
<item name="AI" rev="25">
<attrib name="value" value="9"/></item>
<item name="AMUX" rev="25">
<attrib name="value" value="12"/></item>
<item name="AQ" rev="25">
<attrib name="value" value="11"/></item>
<item name="AX" rev="25">
<attrib name="value" value="70"/></item>
<item name="B" rev="25">
<attrib name="value" value="10"/></item>
<item name="B1" rev="25">
<attrib name="value" value="52"/></item>
<item name="B2" rev="25">
<attrib name="value" value="52"/></item>
<item name="B3" rev="25">
<attrib name="value" value="52"/></item>
<item name="B4" rev="25">
<attrib name="value" value="52"/></item>
<item name="B5" rev="25">
<attrib name="value" value="52"/></item>
<item name="B6" rev="25">
<attrib name="value" value="52"/></item>
<item name="BI" rev="25">
<attrib name="value" value="8"/></item>
<item name="BMUX" rev="25">
<attrib name="value" value="27"/></item>
<item name="BQ" rev="25">
<attrib name="value" value="11"/></item>
<item name="BX" rev="25">
<attrib name="value" value="48"/></item>
<item name="C" rev="25">
<attrib name="value" value="8"/></item>
<item name="C1" rev="25">
<attrib name="value" value="51"/></item>
<item name="C2" rev="25">
<attrib name="value" value="51"/></item>
<item name="C3" rev="25">
<attrib name="value" value="51"/></item>
<item name="C4" rev="25">
<attrib name="value" value="51"/></item>
<item name="C5" rev="25">
<attrib name="value" value="51"/></item>
<item name="C6" rev="25">
<attrib name="value" value="49"/></item>
<item name="CE" rev="25">
<attrib name="value" value="72"/></item>
<item name="CI" rev="25">
<attrib name="value" value="10"/></item>
<item name="CIN" rev="25">
<attrib name="value" value="2"/></item>
<item name="CLK" rev="25">
<attrib name="value" value="72"/></item>
<item name="CMUX" rev="25">
<attrib name="value" value="8"/></item>
<item name="COUT" rev="25">
<attrib name="value" value="10"/></item>
<item name="CQ" rev="25">
<attrib name="value" value="10"/></item>
<item name="CX" rev="25">
<attrib name="value" value="48"/></item>
<item name="D" rev="25">
<attrib name="value" value="3"/></item>
<item name="D1" rev="25">
<attrib name="value" value="50"/></item>
<item name="D2" rev="25">
<attrib name="value" value="50"/></item>
<item name="D3" rev="25">
<attrib name="value" value="50"/></item>
<item name="D4" rev="25">
<attrib name="value" value="50"/></item>
<item name="D5" rev="25">
<attrib name="value" value="50"/></item>
<item name="D6" rev="25">
<attrib name="value" value="50"/></item>
<item name="DI" rev="25">
<attrib name="value" value="37"/></item>
<item name="DMUX" rev="25">
<attrib name="value" value="35"/></item>
<item name="DQ" rev="25">
<attrib name="value" value="10"/></item>
<item name="DX" rev="25">
<attrib name="value" value="32"/></item>
</group>
<group name="IOB_OUTBUF">
<item name="IN" rev="25">
<attrib name="value" value="16"/></item>
<item name="OUT" rev="25">
<attrib name="value" value="16"/></item>
</group>
<group name="BSCAN">
<item name="DRCK" rev="25">
<attrib name="value" value="1"/></item>
<item name="SEL" rev="25">
<attrib name="value" value="1"/></item>
<item name="SHIFT" rev="25">
<attrib name="value" value="1"/></item>
<item name="TDI" rev="25">
<attrib name="value" value="1"/></item>
<item name="TDO" rev="25">
<attrib name="value" value="1"/></item>
<item name="UPDATE" rev="25">
<attrib name="value" value="1"/></item>
</group>
<group name="BUFG_BUFG">
<item name="I0" rev="25">
<attrib name="value" value="3"/></item>
<item name="O" rev="25">
<attrib name="value" value="3"/></item>
</group>
<group name="IOB_INBUF_EN">
<item name="INTERMDISABLE" rev="25">
<attrib name="value" value="3"/></item>
<item name="OUT" rev="25">
<attrib name="value" value="3"/></item>
<item name="PAD" rev="25">
<attrib name="value" value="3"/></item>
</group>
<group name="PAD">
<item name="PAD" rev="25">
<attrib name="value" value="19"/></item>
</group>
<group name="BSCAN_BSCAN">
<item name="DRCK" rev="25">
<attrib name="value" value="1"/></item>
<item name="SEL" rev="25">
<attrib name="value" value="1"/></item>
<item name="SHIFT" rev="25">
<attrib name="value" value="1"/></item>
<item name="TDI" rev="25">
<attrib name="value" value="1"/></item>
<item name="TDO" rev="25">
<attrib name="value" value="1"/></item>
<item name="UPDATE" rev="25">
<attrib name="value" value="1"/></item>
</group>
<group name="CARRY4">
<item name="CIN" rev="25">
<attrib name="value" value="28"/></item>
<item name="CO0" rev="25">
<attrib name="value" value="8"/></item>
<item name="CO3" rev="25">
<attrib name="value" value="28"/></item>
<item name="CYINIT" rev="25">
<attrib name="value" value="16"/></item>
<item name="DI0" rev="25">
<attrib name="value" value="36"/></item>
<item name="DI1" rev="25">
<attrib name="value" value="32"/></item>
<item name="DI2" rev="25">
<attrib name="value" value="29"/></item>
<item name="DI3" rev="25">
<attrib name="value" value="28"/></item>
<item name="O0" rev="25">
<attrib name="value" value="26"/></item>
<item name="O1" rev="25">
<attrib name="value" value="26"/></item>
<item name="O2" rev="25">
<attrib name="value" value="22"/></item>
<item name="O3" rev="25">
<attrib name="value" value="19"/></item>
<item name="S0" rev="25">
<attrib name="value" value="44"/></item>
<item name="S1" rev="25">
<attrib name="value" value="36"/></item>
<item name="S2" rev="25">
<attrib name="value" value="32"/></item>
<item name="S3" rev="25">
<attrib name="value" value="29"/></item>
</group>
<group name="LUT5">
<item name="A1" rev="25">
<attrib name="value" value="14"/></item>
<item name="A2" rev="25">
<attrib name="value" value="33"/></item>
<item name="A3" rev="25">
<attrib name="value" value="35"/></item>
<item name="A4" rev="25">
<attrib name="value" value="33"/></item>
<item name="A5" rev="25">
<attrib name="value" value="40"/></item>
<item name="O5" rev="25">
<attrib name="value" value="137"/></item>
</group>
<group name="LUT6">
<item name="A1" rev="25">
<attrib name="value" value="288"/></item>
<item name="A2" rev="25">
<attrib name="value" value="418"/></item>
<item name="A3" rev="25">
<attrib name="value" value="489"/></item>
<item name="A4" rev="25">
<attrib name="value" value="612"/></item>
<item name="A5" rev="25">
<attrib name="value" value="553"/></item>
<item name="A6" rev="25">
<attrib name="value" value="630"/></item>
<item name="O6" rev="25">
<attrib name="value" value="649"/></item>
</group>
<group name="SELMUX2_1">
<item name="0" rev="25">
<attrib name="value" value="85"/></item>
<item name="1" rev="25">
<attrib name="value" value="85"/></item>
<item name="OUT" rev="25">
<attrib name="value" value="85"/></item>
<item name="S0" rev="25">
<attrib name="value" value="85"/></item>
</group>
<group name="IOB">
<item name="I" rev="25">
<attrib name="value" value="3"/></item>
<item name="O" rev="25">
<attrib name="value" value="16"/></item>
<item name="PAD" rev="25">
<attrib name="value" value="19"/></item>
</group>
<group name="FF_INIT">
<item name="CE" rev="25">
<attrib name="value" value="3"/></item>
<item name="CK" rev="25">
<attrib name="value" value="35"/></item>
<item name="D" rev="25">
<attrib name="value" value="35"/></item>
<item name="Q" rev="25">
<attrib name="value" value="35"/></item>
<item name="SR" rev="25">
<attrib name="value" value="32"/></item>
</group>
<group name="RAMB36E1">
<item name="ADDRARDADDRL0" rev="25">
<attrib name="value" value="43"/></item>
<item name="ADDRARDADDRL1" rev="25">
<attrib name="value" value="43"/></item>
<item name="ADDRARDADDRL10" rev="25">
<attrib name="value" value="43"/></item>
<item name="ADDRARDADDRL11" rev="25">
<attrib name="value" value="43"/></item>
<item name="ADDRARDADDRL12" rev="25">
<attrib name="value" value="43"/></item>
<item name="ADDRARDADDRL13" rev="25">
<attrib name="value" value="43"/></item>
<item name="ADDRARDADDRL14" rev="25">
<attrib name="value" value="43"/></item>
<item name="ADDRARDADDRL15" rev="25">
<attrib name="value" value="43"/></item>
<item name="ADDRARDADDRL2" rev="25">
<attrib name="value" value="43"/></item>
<item name="ADDRARDADDRL3" rev="25">
<attrib name="value" value="43"/></item>
<item name="ADDRARDADDRL4" rev="25">
<attrib name="value" value="43"/></item>
<item name="ADDRARDADDRL5" rev="25">
<attrib name="value" value="43"/></item>
<item name="ADDRARDADDRL6" rev="25">
<attrib name="value" value="43"/></item>
<item name="ADDRARDADDRL7" rev="25">
<attrib name="value" value="43"/></item>
<item name="ADDRARDADDRL8" rev="25">
<attrib name="value" value="43"/></item>
<item name="ADDRARDADDRL9" rev="25">
<attrib name="value" value="43"/></item>
<item name="ADDRARDADDRU0" rev="25">
<attrib name="value" value="43"/></item>
<item name="ADDRARDADDRU1" rev="25">
<attrib name="value" value="43"/></item>
<item name="ADDRARDADDRU10" rev="25">
<attrib name="value" value="43"/></item>
<item name="ADDRARDADDRU11" rev="25">
<attrib name="value" value="43"/></item>
<item name="ADDRARDADDRU12" rev="25">
<attrib name="value" value="43"/></item>
<item name="ADDRARDADDRU13" rev="25">
<attrib name="value" value="43"/></item>
<item name="ADDRARDADDRU14" rev="25">
<attrib name="value" value="43"/></item>
<item name="ADDRARDADDRU2" rev="25">
<attrib name="value" value="43"/></item>
<item name="ADDRARDADDRU3" rev="25">
<attrib name="value" value="43"/></item>
<item name="ADDRARDADDRU4" rev="25">
<attrib name="value" value="43"/></item>
<item name="ADDRARDADDRU5" rev="25">
<attrib name="value" value="43"/></item>
<item name="ADDRARDADDRU6" rev="25">
<attrib name="value" value="43"/></item>
<item name="ADDRARDADDRU7" rev="25">
<attrib name="value" value="43"/></item>
<item name="ADDRARDADDRU8" rev="25">
<attrib name="value" value="43"/></item>
<item name="ADDRARDADDRU9" rev="25">
<attrib name="value" value="43"/></item>
<item name="ADDRBWRADDRL0" rev="25">
<attrib name="value" value="43"/></item>
<item name="ADDRBWRADDRL1" rev="25">
<attrib name="value" value="43"/></item>
<item name="ADDRBWRADDRL10" rev="25">
<attrib name="value" value="43"/></item>
<item name="ADDRBWRADDRL11" rev="25">
<attrib name="value" value="43"/></item>
<item name="ADDRBWRADDRL12" rev="25">
<attrib name="value" value="43"/></item>
<item name="ADDRBWRADDRL13" rev="25">
<attrib name="value" value="43"/></item>
<item name="ADDRBWRADDRL14" rev="25">
<attrib name="value" value="43"/></item>
<item name="ADDRBWRADDRL15" rev="25">
<attrib name="value" value="43"/></item>
<item name="ADDRBWRADDRL2" rev="25">
<attrib name="value" value="43"/></item>
<item name="ADDRBWRADDRL3" rev="25">
<attrib name="value" value="43"/></item>
<item name="ADDRBWRADDRL4" rev="25">
<attrib name="value" value="43"/></item>
<item name="ADDRBWRADDRL5" rev="25">
<attrib name="value" value="43"/></item>
<item name="ADDRBWRADDRL6" rev="25">
<attrib name="value" value="43"/></item>
<item name="ADDRBWRADDRL7" rev="25">
<attrib name="value" value="43"/></item>
<item name="ADDRBWRADDRL8" rev="25">
<attrib name="value" value="43"/></item>
<item name="ADDRBWRADDRL9" rev="25">
<attrib name="value" value="43"/></item>
<item name="ADDRBWRADDRU0" rev="25">
<attrib name="value" value="43"/></item>
<item name="ADDRBWRADDRU1" rev="25">
<attrib name="value" value="43"/></item>
<item name="ADDRBWRADDRU10" rev="25">
<attrib name="value" value="43"/></item>
<item name="ADDRBWRADDRU11" rev="25">
<attrib name="value" value="43"/></item>
<item name="ADDRBWRADDRU12" rev="25">
<attrib name="value" value="43"/></item>
<item name="ADDRBWRADDRU13" rev="25">
<attrib name="value" value="43"/></item>
<item name="ADDRBWRADDRU14" rev="25">
<attrib name="value" value="43"/></item>
<item name="ADDRBWRADDRU2" rev="25">
<attrib name="value" value="43"/></item>
<item name="ADDRBWRADDRU3" rev="25">
<attrib name="value" value="43"/></item>
<item name="ADDRBWRADDRU4" rev="25">
<attrib name="value" value="43"/></item>
<item name="ADDRBWRADDRU5" rev="25">
<attrib name="value" value="43"/></item>
<item name="ADDRBWRADDRU6" rev="25">
<attrib name="value" value="43"/></item>
<item name="ADDRBWRADDRU7" rev="25">
<attrib name="value" value="43"/></item>
<item name="ADDRBWRADDRU8" rev="25">
<attrib name="value" value="43"/></item>
<item name="ADDRBWRADDRU9" rev="25">
<attrib name="value" value="43"/></item>
<item name="CLKARDCLKL" rev="25">
<attrib name="value" value="43"/></item>
<item name="CLKARDCLKU" rev="25">
<attrib name="value" value="43"/></item>
<item name="CLKBWRCLKL" rev="25">
<attrib name="value" value="43"/></item>
<item name="CLKBWRCLKU" rev="25">
<attrib name="value" value="43"/></item>
<item name="DIADI0" rev="25">
<attrib name="value" value="43"/></item>
<item name="DIADI1" rev="25">
<attrib name="value" value="43"/></item>
<item name="DIADI10" rev="25">
<attrib name="value" value="43"/></item>
<item name="DIADI11" rev="25">
<attrib name="value" value="43"/></item>
<item name="DIADI12" rev="25">
<attrib name="value" value="43"/></item>
<item name="DIADI13" rev="25">
<attrib name="value" value="43"/></item>
<item name="DIADI14" rev="25">
<attrib name="value" value="43"/></item>
<item name="DIADI15" rev="25">
<attrib name="value" value="43"/></item>
<item name="DIADI16" rev="25">
<attrib name="value" value="43"/></item>
<item name="DIADI17" rev="25">
<attrib name="value" value="43"/></item>
<item name="DIADI18" rev="25">
<attrib name="value" value="43"/></item>
<item name="DIADI19" rev="25">
<attrib name="value" value="43"/></item>
<item name="DIADI2" rev="25">
<attrib name="value" value="43"/></item>
<item name="DIADI20" rev="25">
<attrib name="value" value="43"/></item>
<item name="DIADI21" rev="25">
<attrib name="value" value="43"/></item>
<item name="DIADI22" rev="25">
<attrib name="value" value="43"/></item>
<item name="DIADI23" rev="25">
<attrib name="value" value="43"/></item>
<item name="DIADI24" rev="25">
<attrib name="value" value="43"/></item>
<item name="DIADI25" rev="25">
<attrib name="value" value="43"/></item>
<item name="DIADI26" rev="25">
<attrib name="value" value="43"/></item>
<item name="DIADI27" rev="25">
<attrib name="value" value="43"/></item>
<item name="DIADI28" rev="25">
<attrib name="value" value="43"/></item>
<item name="DIADI29" rev="25">
<attrib name="value" value="43"/></item>
<item name="DIADI3" rev="25">
<attrib name="value" value="43"/></item>
<item name="DIADI30" rev="25">
<attrib name="value" value="43"/></item>
<item name="DIADI31" rev="25">
<attrib name="value" value="43"/></item>
<item name="DIADI4" rev="25">
<attrib name="value" value="43"/></item>
<item name="DIADI5" rev="25">
<attrib name="value" value="43"/></item>
<item name="DIADI6" rev="25">
<attrib name="value" value="43"/></item>
<item name="DIADI7" rev="25">
<attrib name="value" value="43"/></item>
<item name="DIADI8" rev="25">
<attrib name="value" value="43"/></item>
<item name="DIADI9" rev="25">
<attrib name="value" value="43"/></item>
<item name="DIBDI0" rev="25">
<attrib name="value" value="43"/></item>
<item name="DIBDI1" rev="25">
<attrib name="value" value="43"/></item>
<item name="DIBDI10" rev="25">
<attrib name="value" value="43"/></item>
<item name="DIBDI11" rev="25">
<attrib name="value" value="43"/></item>
<item name="DIBDI12" rev="25">
<attrib name="value" value="43"/></item>
<item name="DIBDI13" rev="25">
<attrib name="value" value="43"/></item>
<item name="DIBDI14" rev="25">
<attrib name="value" value="43"/></item>
<item name="DIBDI15" rev="25">
<attrib name="value" value="43"/></item>
<item name="DIBDI16" rev="25">
<attrib name="value" value="43"/></item>
<item name="DIBDI17" rev="25">
<attrib name="value" value="43"/></item>
<item name="DIBDI18" rev="25">
<attrib name="value" value="43"/></item>
<item name="DIBDI19" rev="25">
<attrib name="value" value="43"/></item>
<item name="DIBDI2" rev="25">
<attrib name="value" value="43"/></item>
<item name="DIBDI20" rev="25">
<attrib name="value" value="43"/></item>
<item name="DIBDI21" rev="25">
<attrib name="value" value="43"/></item>
<item name="DIBDI22" rev="25">
<attrib name="value" value="43"/></item>
<item name="DIBDI23" rev="25">
<attrib name="value" value="43"/></item>
<item name="DIBDI24" rev="25">
<attrib name="value" value="43"/></item>
<item name="DIBDI25" rev="25">
<attrib name="value" value="43"/></item>
<item name="DIBDI26" rev="25">
<attrib name="value" value="43"/></item>
<item name="DIBDI27" rev="25">
<attrib name="value" value="43"/></item>
<item name="DIBDI28" rev="25">
<attrib name="value" value="43"/></item>
<item name="DIBDI29" rev="25">
<attrib name="value" value="43"/></item>
<item name="DIBDI3" rev="25">
<attrib name="value" value="43"/></item>
<item name="DIBDI30" rev="25">
<attrib name="value" value="43"/></item>
<item name="DIBDI31" rev="25">
<attrib name="value" value="43"/></item>
<item name="DIBDI4" rev="25">
<attrib name="value" value="43"/></item>
<item name="DIBDI5" rev="25">
<attrib name="value" value="43"/></item>
<item name="DIBDI6" rev="25">
<attrib name="value" value="43"/></item>
<item name="DIBDI7" rev="25">
<attrib name="value" value="43"/></item>
<item name="DIBDI8" rev="25">
<attrib name="value" value="43"/></item>
<item name="DIBDI9" rev="25">
<attrib name="value" value="43"/></item>
<item name="DIPADIP0" rev="25">
<attrib name="value" value="43"/></item>
<item name="DIPADIP1" rev="25">
<attrib name="value" value="43"/></item>
<item name="DIPADIP2" rev="25">
<attrib name="value" value="43"/></item>
<item name="DIPADIP3" rev="25">
<attrib name="value" value="43"/></item>
<item name="DIPBDIP0" rev="25">
<attrib name="value" value="43"/></item>
<item name="DIPBDIP1" rev="25">
<attrib name="value" value="43"/></item>
<item name="DIPBDIP2" rev="25">
<attrib name="value" value="43"/></item>
<item name="DIPBDIP3" rev="25">
<attrib name="value" value="43"/></item>
<item name="DOADO0" rev="25">
<attrib name="value" value="43"/></item>
<item name="ENARDENL" rev="25">
<attrib name="value" value="43"/></item>
<item name="ENARDENU" rev="25">
<attrib name="value" value="43"/></item>
<item name="ENBWRENL" rev="25">
<attrib name="value" value="43"/></item>
<item name="ENBWRENU" rev="25">
<attrib name="value" value="43"/></item>
<item name="REGCEAREGCEL" rev="25">
<attrib name="value" value="43"/></item>
<item name="REGCEAREGCEU" rev="25">
<attrib name="value" value="43"/></item>
<item name="REGCEBL" rev="25">
<attrib name="value" value="43"/></item>
<item name="REGCEBU" rev="25">
<attrib name="value" value="43"/></item>
<item name="REGCLKARDRCLKL" rev="25">
<attrib name="value" value="43"/></item>
<item name="REGCLKARDRCLKU" rev="25">
<attrib name="value" value="43"/></item>
<item name="REGCLKBL" rev="25">
<attrib name="value" value="43"/></item>
<item name="REGCLKBU" rev="25">
<attrib name="value" value="43"/></item>
<item name="RSTRAMARSTRAML" rev="25">
<attrib name="value" value="43"/></item>
<item name="RSTRAMARSTRAMU" rev="25">
<attrib name="value" value="43"/></item>
<item name="RSTRAMBL" rev="25">
<attrib name="value" value="43"/></item>
<item name="RSTRAMBU" rev="25">
<attrib name="value" value="43"/></item>
<item name="RSTREGARSTREGL" rev="25">
<attrib name="value" value="43"/></item>
<item name="RSTREGARSTREGU" rev="25">
<attrib name="value" value="43"/></item>
<item name="RSTREGBL" rev="25">
<attrib name="value" value="43"/></item>
<item name="RSTREGBU" rev="25">
<attrib name="value" value="43"/></item>
<item name="WEAL0" rev="25">
<attrib name="value" value="43"/></item>
<item name="WEAL1" rev="25">
<attrib name="value" value="43"/></item>
<item name="WEAL2" rev="25">
<attrib name="value" value="43"/></item>
<item name="WEAL3" rev="25">
<attrib name="value" value="43"/></item>
<item name="WEAU0" rev="25">
<attrib name="value" value="43"/></item>
<item name="WEAU1" rev="25">
<attrib name="value" value="43"/></item>
<item name="WEAU2" rev="25">
<attrib name="value" value="43"/></item>
<item name="WEAU3" rev="25">
<attrib name="value" value="43"/></item>
<item name="WEBWEL0" rev="25">
<attrib name="value" value="43"/></item>
<item name="WEBWEL1" rev="25">
<attrib name="value" value="43"/></item>
<item name="WEBWEL2" rev="25">
<attrib name="value" value="43"/></item>
<item name="WEBWEL3" rev="25">
<attrib name="value" value="43"/></item>
<item name="WEBWEL4" rev="25">
<attrib name="value" value="43"/></item>
<item name="WEBWEL5" rev="25">
<attrib name="value" value="43"/></item>
<item name="WEBWEL6" rev="25">
<attrib name="value" value="43"/></item>
<item name="WEBWEL7" rev="25">
<attrib name="value" value="43"/></item>
<item name="WEBWEU0" rev="25">
<attrib name="value" value="43"/></item>
<item name="WEBWEU1" rev="25">
<attrib name="value" value="43"/></item>
<item name="WEBWEU2" rev="25">
<attrib name="value" value="43"/></item>
<item name="WEBWEU3" rev="25">
<attrib name="value" value="43"/></item>
<item name="WEBWEU4" rev="25">
<attrib name="value" value="43"/></item>
<item name="WEBWEU5" rev="25">
<attrib name="value" value="43"/></item>
<item name="WEBWEU6" rev="25">
<attrib name="value" value="43"/></item>
<item name="WEBWEU7" rev="25">
<attrib name="value" value="43"/></item>
</group>
<group name="HARD0">
<item name="0" rev="25">
<attrib name="value" value="5"/></item>
</group>
<group name="HARD1">
<item name="1" rev="25">
<attrib name="value" value="14"/></item>
</group>
<group name="BUFG">
<item name="I0" rev="25">
<attrib name="value" value="3"/></item>
<item name="O" rev="25">
<attrib name="value" value="3"/></item>
</group>
<group name="RAMB36E1_RAMB36E1">
<item name="ADDRARDADDRL0" rev="25">
<attrib name="value" value="43"/></item>
<item name="ADDRARDADDRL1" rev="25">
<attrib name="value" value="43"/></item>
<item name="ADDRARDADDRL10" rev="25">
<attrib name="value" value="43"/></item>
<item name="ADDRARDADDRL11" rev="25">
<attrib name="value" value="43"/></item>
<item name="ADDRARDADDRL12" rev="25">
<attrib name="value" value="43"/></item>
<item name="ADDRARDADDRL13" rev="25">
<attrib name="value" value="43"/></item>
<item name="ADDRARDADDRL14" rev="25">
<attrib name="value" value="43"/></item>
<item name="ADDRARDADDRL15" rev="25">
<attrib name="value" value="43"/></item>
<item name="ADDRARDADDRL2" rev="25">
<attrib name="value" value="43"/></item>
<item name="ADDRARDADDRL3" rev="25">
<attrib name="value" value="43"/></item>
<item name="ADDRARDADDRL4" rev="25">
<attrib name="value" value="43"/></item>
<item name="ADDRARDADDRL5" rev="25">
<attrib name="value" value="43"/></item>
<item name="ADDRARDADDRL6" rev="25">
<attrib name="value" value="43"/></item>
<item name="ADDRARDADDRL7" rev="25">
<attrib name="value" value="43"/></item>
<item name="ADDRARDADDRL8" rev="25">
<attrib name="value" value="43"/></item>
<item name="ADDRARDADDRL9" rev="25">
<attrib name="value" value="43"/></item>
<item name="ADDRARDADDRU0" rev="25">
<attrib name="value" value="43"/></item>
<item name="ADDRARDADDRU1" rev="25">
<attrib name="value" value="43"/></item>
<item name="ADDRARDADDRU10" rev="25">
<attrib name="value" value="43"/></item>
<item name="ADDRARDADDRU11" rev="25">
<attrib name="value" value="43"/></item>
<item name="ADDRARDADDRU12" rev="25">
<attrib name="value" value="43"/></item>
<item name="ADDRARDADDRU13" rev="25">
<attrib name="value" value="43"/></item>
<item name="ADDRARDADDRU14" rev="25">
<attrib name="value" value="43"/></item>
<item name="ADDRARDADDRU2" rev="25">
<attrib name="value" value="43"/></item>
<item name="ADDRARDADDRU3" rev="25">
<attrib name="value" value="43"/></item>
<item name="ADDRARDADDRU4" rev="25">
<attrib name="value" value="43"/></item>
<item name="ADDRARDADDRU5" rev="25">
<attrib name="value" value="43"/></item>
<item name="ADDRARDADDRU6" rev="25">
<attrib name="value" value="43"/></item>
<item name="ADDRARDADDRU7" rev="25">
<attrib name="value" value="43"/></item>
<item name="ADDRARDADDRU8" rev="25">
<attrib name="value" value="43"/></item>
<item name="ADDRARDADDRU9" rev="25">
<attrib name="value" value="43"/></item>
<item name="ADDRBWRADDRL0" rev="25">
<attrib name="value" value="43"/></item>
<item name="ADDRBWRADDRL1" rev="25">
<attrib name="value" value="43"/></item>
<item name="ADDRBWRADDRL10" rev="25">
<attrib name="value" value="43"/></item>
<item name="ADDRBWRADDRL11" rev="25">
<attrib name="value" value="43"/></item>
<item name="ADDRBWRADDRL12" rev="25">
<attrib name="value" value="43"/></item>
<item name="ADDRBWRADDRL13" rev="25">
<attrib name="value" value="43"/></item>
<item name="ADDRBWRADDRL14" rev="25">
<attrib name="value" value="43"/></item>
<item name="ADDRBWRADDRL15" rev="25">
<attrib name="value" value="43"/></item>
<item name="ADDRBWRADDRL2" rev="25">
<attrib name="value" value="43"/></item>
<item name="ADDRBWRADDRL3" rev="25">
<attrib name="value" value="43"/></item>
<item name="ADDRBWRADDRL4" rev="25">
<attrib name="value" value="43"/></item>
<item name="ADDRBWRADDRL5" rev="25">
<attrib name="value" value="43"/></item>
<item name="ADDRBWRADDRL6" rev="25">
<attrib name="value" value="43"/></item>
<item name="ADDRBWRADDRL7" rev="25">
<attrib name="value" value="43"/></item>
<item name="ADDRBWRADDRL8" rev="25">
<attrib name="value" value="43"/></item>
<item name="ADDRBWRADDRL9" rev="25">
<attrib name="value" value="43"/></item>
<item name="ADDRBWRADDRU0" rev="25">
<attrib name="value" value="43"/></item>
<item name="ADDRBWRADDRU1" rev="25">
<attrib name="value" value="43"/></item>
<item name="ADDRBWRADDRU10" rev="25">
<attrib name="value" value="43"/></item>
<item name="ADDRBWRADDRU11" rev="25">
<attrib name="value" value="43"/></item>
<item name="ADDRBWRADDRU12" rev="25">
<attrib name="value" value="43"/></item>
<item name="ADDRBWRADDRU13" rev="25">
<attrib name="value" value="43"/></item>
<item name="ADDRBWRADDRU14" rev="25">
<attrib name="value" value="43"/></item>
<item name="ADDRBWRADDRU2" rev="25">
<attrib name="value" value="43"/></item>
<item name="ADDRBWRADDRU3" rev="25">
<attrib name="value" value="43"/></item>
<item name="ADDRBWRADDRU4" rev="25">
<attrib name="value" value="43"/></item>
<item name="ADDRBWRADDRU5" rev="25">
<attrib name="value" value="43"/></item>
<item name="ADDRBWRADDRU6" rev="25">
<attrib name="value" value="43"/></item>
<item name="ADDRBWRADDRU7" rev="25">
<attrib name="value" value="43"/></item>
<item name="ADDRBWRADDRU8" rev="25">
<attrib name="value" value="43"/></item>
<item name="ADDRBWRADDRU9" rev="25">
<attrib name="value" value="43"/></item>
<item name="CLKARDCLKL" rev="25">
<attrib name="value" value="43"/></item>
<item name="CLKARDCLKU" rev="25">
<attrib name="value" value="43"/></item>
<item name="CLKBWRCLKL" rev="25">
<attrib name="value" value="43"/></item>
<item name="CLKBWRCLKU" rev="25">
<attrib name="value" value="43"/></item>
<item name="DIADI0" rev="25">
<attrib name="value" value="43"/></item>
<item name="DIADI1" rev="25">
<attrib name="value" value="43"/></item>
<item name="DIADI10" rev="25">
<attrib name="value" value="43"/></item>
<item name="DIADI11" rev="25">
<attrib name="value" value="43"/></item>
<item name="DIADI12" rev="25">
<attrib name="value" value="43"/></item>
<item name="DIADI13" rev="25">
<attrib name="value" value="43"/></item>
<item name="DIADI14" rev="25">
<attrib name="value" value="43"/></item>
<item name="DIADI15" rev="25">
<attrib name="value" value="43"/></item>
<item name="DIADI16" rev="25">
<attrib name="value" value="43"/></item>
<item name="DIADI17" rev="25">
<attrib name="value" value="43"/></item>
<item name="DIADI18" rev="25">
<attrib name="value" value="43"/></item>
<item name="DIADI19" rev="25">
<attrib name="value" value="43"/></item>
<item name="DIADI2" rev="25">
<attrib name="value" value="43"/></item>
<item name="DIADI20" rev="25">
<attrib name="value" value="43"/></item>
<item name="DIADI21" rev="25">
<attrib name="value" value="43"/></item>
<item name="DIADI22" rev="25">
<attrib name="value" value="43"/></item>
<item name="DIADI23" rev="25">
<attrib name="value" value="43"/></item>
<item name="DIADI24" rev="25">
<attrib name="value" value="43"/></item>
<item name="DIADI25" rev="25">
<attrib name="value" value="43"/></item>
<item name="DIADI26" rev="25">
<attrib name="value" value="43"/></item>
<item name="DIADI27" rev="25">
<attrib name="value" value="43"/></item>
<item name="DIADI28" rev="25">
<attrib name="value" value="43"/></item>
<item name="DIADI29" rev="25">
<attrib name="value" value="43"/></item>
<item name="DIADI3" rev="25">
<attrib name="value" value="43"/></item>
<item name="DIADI30" rev="25">
<attrib name="value" value="43"/></item>
<item name="DIADI31" rev="25">
<attrib name="value" value="43"/></item>
<item name="DIADI4" rev="25">
<attrib name="value" value="43"/></item>
<item name="DIADI5" rev="25">
<attrib name="value" value="43"/></item>
<item name="DIADI6" rev="25">
<attrib name="value" value="43"/></item>
<item name="DIADI7" rev="25">
<attrib name="value" value="43"/></item>
<item name="DIADI8" rev="25">
<attrib name="value" value="43"/></item>
<item name="DIADI9" rev="25">
<attrib name="value" value="43"/></item>
<item name="DIBDI0" rev="25">
<attrib name="value" value="43"/></item>
<item name="DIBDI1" rev="25">
<attrib name="value" value="43"/></item>
<item name="DIBDI10" rev="25">
<attrib name="value" value="43"/></item>
<item name="DIBDI11" rev="25">
<attrib name="value" value="43"/></item>
<item name="DIBDI12" rev="25">
<attrib name="value" value="43"/></item>
<item name="DIBDI13" rev="25">
<attrib name="value" value="43"/></item>
<item name="DIBDI14" rev="25">
<attrib name="value" value="43"/></item>
<item name="DIBDI15" rev="25">
<attrib name="value" value="43"/></item>
<item name="DIBDI16" rev="25">
<attrib name="value" value="43"/></item>
<item name="DIBDI17" rev="25">
<attrib name="value" value="43"/></item>
<item name="DIBDI18" rev="25">
<attrib name="value" value="43"/></item>
<item name="DIBDI19" rev="25">
<attrib name="value" value="43"/></item>
<item name="DIBDI2" rev="25">
<attrib name="value" value="43"/></item>
<item name="DIBDI20" rev="25">
<attrib name="value" value="43"/></item>
<item name="DIBDI21" rev="25">
<attrib name="value" value="43"/></item>
<item name="DIBDI22" rev="25">
<attrib name="value" value="43"/></item>
<item name="DIBDI23" rev="25">
<attrib name="value" value="43"/></item>
<item name="DIBDI24" rev="25">
<attrib name="value" value="43"/></item>
<item name="DIBDI25" rev="25">
<attrib name="value" value="43"/></item>
<item name="DIBDI26" rev="25">
<attrib name="value" value="43"/></item>
<item name="DIBDI27" rev="25">
<attrib name="value" value="43"/></item>
<item name="DIBDI28" rev="25">
<attrib name="value" value="43"/></item>
<item name="DIBDI29" rev="25">
<attrib name="value" value="43"/></item>
<item name="DIBDI3" rev="25">
<attrib name="value" value="43"/></item>
<item name="DIBDI30" rev="25">
<attrib name="value" value="43"/></item>
<item name="DIBDI31" rev="25">
<attrib name="value" value="43"/></item>
<item name="DIBDI4" rev="25">
<attrib name="value" value="43"/></item>
<item name="DIBDI5" rev="25">
<attrib name="value" value="43"/></item>
<item name="DIBDI6" rev="25">
<attrib name="value" value="43"/></item>
<item name="DIBDI7" rev="25">
<attrib name="value" value="43"/></item>
<item name="DIBDI8" rev="25">
<attrib name="value" value="43"/></item>
<item name="DIBDI9" rev="25">
<attrib name="value" value="43"/></item>
<item name="DIPADIP0" rev="25">
<attrib name="value" value="43"/></item>
<item name="DIPADIP1" rev="25">
<attrib name="value" value="43"/></item>
<item name="DIPADIP2" rev="25">
<attrib name="value" value="43"/></item>
<item name="DIPADIP3" rev="25">
<attrib name="value" value="43"/></item>
<item name="DIPBDIP0" rev="25">
<attrib name="value" value="43"/></item>
<item name="DIPBDIP1" rev="25">
<attrib name="value" value="43"/></item>
<item name="DIPBDIP2" rev="25">
<attrib name="value" value="43"/></item>
<item name="DIPBDIP3" rev="25">
<attrib name="value" value="43"/></item>
<item name="DOADO0" rev="25">
<attrib name="value" value="43"/></item>
<item name="ENARDENL" rev="25">
<attrib name="value" value="43"/></item>
<item name="ENARDENU" rev="25">
<attrib name="value" value="43"/></item>
<item name="ENBWRENL" rev="25">
<attrib name="value" value="43"/></item>
<item name="ENBWRENU" rev="25">
<attrib name="value" value="43"/></item>
<item name="REGCEAREGCEL" rev="25">
<attrib name="value" value="43"/></item>
<item name="REGCEAREGCEU" rev="25">
<attrib name="value" value="43"/></item>
<item name="REGCEBL" rev="25">
<attrib name="value" value="43"/></item>
<item name="REGCEBU" rev="25">
<attrib name="value" value="43"/></item>
<item name="REGCLKARDRCLKL" rev="25">
<attrib name="value" value="43"/></item>
<item name="REGCLKARDRCLKU" rev="25">
<attrib name="value" value="43"/></item>
<item name="REGCLKBL" rev="25">
<attrib name="value" value="43"/></item>
<item name="REGCLKBU" rev="25">
<attrib name="value" value="43"/></item>
<item name="RSTRAMARSTRAML" rev="25">
<attrib name="value" value="43"/></item>
<item name="RSTRAMARSTRAMU" rev="25">
<attrib name="value" value="43"/></item>
<item name="RSTRAMBL" rev="25">
<attrib name="value" value="43"/></item>
<item name="RSTRAMBU" rev="25">
<attrib name="value" value="43"/></item>
<item name="RSTREGARSTREGL" rev="25">
<attrib name="value" value="43"/></item>
<item name="RSTREGARSTREGU" rev="25">
<attrib name="value" value="43"/></item>
<item name="RSTREGBL" rev="25">
<attrib name="value" value="43"/></item>
<item name="RSTREGBU" rev="25">
<attrib name="value" value="43"/></item>
<item name="WEAL0" rev="25">
<attrib name="value" value="43"/></item>
<item name="WEAL1" rev="25">
<attrib name="value" value="43"/></item>
<item name="WEAL2" rev="25">
<attrib name="value" value="43"/></item>
<item name="WEAL3" rev="25">
<attrib name="value" value="43"/></item>
<item name="WEAU0" rev="25">
<attrib name="value" value="43"/></item>
<item name="WEAU1" rev="25">
<attrib name="value" value="43"/></item>
<item name="WEAU2" rev="25">
<attrib name="value" value="43"/></item>
<item name="WEAU3" rev="25">
<attrib name="value" value="43"/></item>
<item name="WEBWEL0" rev="25">
<attrib name="value" value="43"/></item>
<item name="WEBWEL1" rev="25">
<attrib name="value" value="43"/></item>
<item name="WEBWEL2" rev="25">
<attrib name="value" value="43"/></item>
<item name="WEBWEL3" rev="25">
<attrib name="value" value="43"/></item>
<item name="WEBWEL4" rev="25">
<attrib name="value" value="43"/></item>
<item name="WEBWEL5" rev="25">
<attrib name="value" value="43"/></item>
<item name="WEBWEL6" rev="25">
<attrib name="value" value="43"/></item>
<item name="WEBWEL7" rev="25">
<attrib name="value" value="43"/></item>
<item name="WEBWEU0" rev="25">
<attrib name="value" value="43"/></item>
<item name="WEBWEU1" rev="25">
<attrib name="value" value="43"/></item>
<item name="WEBWEU2" rev="25">
<attrib name="value" value="43"/></item>
<item name="WEBWEU3" rev="25">
<attrib name="value" value="43"/></item>
<item name="WEBWEU4" rev="25">
<attrib name="value" value="43"/></item>
<item name="WEBWEU5" rev="25">
<attrib name="value" value="43"/></item>
<item name="WEBWEU6" rev="25">
<attrib name="value" value="43"/></item>
<item name="WEBWEU7" rev="25">
<attrib name="value" value="43"/></item>
</group>
</ReportPinData>
<CmdHistory>
</CmdHistory>
</DeviceUsageSummary>
