<?xml version="1.0" encoding="UTF-8" ?>
<document>
<!--The data in this file is primarily intended for consumption by Xilinx tools.
The structure and the elements are likely to change over the next few releases.
This means code written to parse this file will need to be revisited each subsequent release.-->
<application name="pn" timeStamp="Tue Dec 11 21:28:08 2018">
<section name="Project Information" visible="false">
<property name="ProjectID" value="5F40E05004733D556BF8B08BE01AB7BC" type="project"/>
<property name="ProjectIteration" value="14" type="project"/>
<property name="ProjectFile" value="C:/Users/marco/OneDrive/Escritorio/finalBossChipscope/finalBoss4/finalBoss4.xise" type="project"/>
<property name="ProjectCreationTimestamp" value="2018-12-05T13:29:59" type="project"/>
</section>
<section name="Project Statistics" visible="true">
<property name="PROP_Enable_Message_Filtering" value="false" type="design"/>
<property name="PROP_FitterReportFormat" value="HTML" type="process"/>
<property name="PROP_LastAppliedGoal" value="Balanced" type="design"/>
<property name="PROP_LastAppliedStrategy" value="Xilinx Default (unlocked)" type="design"/>
<property name="PROP_ManualCompileOrderImp" value="false" type="design"/>
<property name="PROP_ProjectDescription" value="El jefe final del curso, bubblesort en ensamblador con todo y el procesador, el ordenamiento mas dificil que he hecho en mi vida.

Integrantes: Angel Lopez Manriquez" type="process"/>
<property name="PROP_PropSpecInProjFile" value="Store all values" type="design"/>
<property name="PROP_SelectedInstanceHierarchicalPath" value="/counter_tb" type="process"/>
<property name="PROP_Simulator" value="ISim (VHDL/Verilog)" type="design"/>
<property name="PROP_SynthTopFile" value="changed" type="process"/>
<property name="PROP_Top_Level_Module_Type" value="HDL" type="design"/>
<property name="PROP_UseSmartGuide" value="false" type="design"/>
<property name="PROP_UserConstraintEditorPreference" value="Text Editor" type="process"/>
<property name="PROP_intProjectCreationTimestamp" value="2018-12-05T13:29:59" type="design"/>
<property name="PROP_intWbtProjectID" value="5F40E05004733D556BF8B08BE01AB7BC" type="design"/>
<property name="PROP_intWbtProjectIteration" value="14" type="process"/>
<property name="PROP_intWorkingDirLocWRTProjDir" value="Same" type="design"/>
<property name="PROP_intWorkingDirUsed" value="No" type="design"/>
<property name="PROP_selectedSimRootSourceNode_behav" value="work.counter_tb" type="process"/>
<property name="PROP_xilxBitgStart_Clk_virtex5" value="JTAG Clock" type="process"/>
<property name="PROP_AutoTop" value="true" type="design"/>
<property name="PROP_DevFamily" value="Artix7" type="design"/>
<property name="PROP_DevDevice" value="xc7a100t" type="design"/>
<property name="PROP_DevFamilyPMName" value="artix7" type="design"/>
<property name="PROP_DevPackage" value="csg324" type="design"/>
<property name="PROP_Synthesis_Tool" value="XST (VHDL/Verilog)" type="design"/>
<property name="PROP_DevSpeed" value="-3" type="design"/>
<property name="PROP_PreferredLanguage" value="VHDL" type="design"/>
<property name="FILE_CDC" value="1" type="source"/>
<property name="FILE_UCF" value="1" type="source"/>
<property name="FILE_VHDL" value="16" type="source"/>
</section>
</application>
</document>
