<?xml version="1.0" encoding="UTF-8" ?>
<document>
<!--The data in this file is primarily intended for consumption by Xilinx tools.
The structure and the elements are likely to change over the next few releases.
This means code written to parse this file will need to be revisited each subsequent release.-->
<application name="impact" timeStamp="Sat Dec 05 15:06:38 2009">
<section name="Project Information" visible="false">
<property name="ProjectID" value="e03c75e426ee450996c553ecfa3f72a7"/>
<property name="ProjectIteration" value="1"/>
</section>
<section name="iMPACT Project Info" visible="true">
<property name="Use Project File" value="No"/>
<property name="Project Entry" value="ise"/>
<property name="OS Name" value="Microsoft Windows XP"/>
<property name="User Lic. Info" value="__0_0_0"/>
</section>
<section name="iMPACT Boundary Scan Mode" visible="true">
<item name="Chain Summary">
<property name="Number of device" value="0"/>
<property name="Number of Xilinx device" value="0"/>
<property name="Number of Non-Xilinx device" value="0"/>
</item>
<item name="Chain Description">
</item>
<item name="Boundary Scan Operations Statistics">
<property name="BSCAN Operation" value="Program -p 0
"/>
</item>
<item name="Cable Summary">
<property name="Cable Type" value="Digilent Nexys4DDR"/>
<property name="Cable Speed" value="10000000"/>
<property name="Port" value="Plugin Cable"/>
<property name="Local_Server_Mode" value="Local"/>
</item>
</section>
</application>
</document>
